111.111.111-11,João da Silva,1985-05-15
222.222.222-22,Maria Oliveira,1990-08-25
333.333.333-33,Pedro Souza,1978-02-10
444.444.444-44,Ana Pereira,2001-11-30
555.555.555-55,Carlos Ferreira,1965-07-22
121.212.121-21,Mariana Alves,1995-01-18
343.434.343-43,Lucas Gomes,1988-06-03
565.656.565-65,Beatriz Ribeiro,2005-09-12
787.878.787-87,Rafael Martins,1972-04-28
909.090.909-09,Júlia Carvalho,1999-12-05
101.101.101-01,Gabriel Lima,1983-03-14
202.202.202-02,Larissa Almeida,1992-10-21
303.303.303-03,Matheus Lopes,1975-08-01
404.404.404-04,Isabela Fernandes,2003-05-19
505.505.505-05,Thiago Rodrigues,1968-02-27
606.606.606-06,Camila Santos,1997-06-09
707.707.707-07,Felipe Oliveira,1981-09-16
808.808.808-08,Amanda Souza,2000-07-24
909.909.909-09,Rodrigo Pereira,1970-01-31
010.101.010-10,Vanessa Ferreira,1994-04-11
112.223.334-45,Bruno Alves,1987-11-07
224.335.446-56,Clara Gomes,1991-03-23
336.447.558-67,Vinicius Ribeiro,1979-12-13
448.559.660-78,Letícia Martins,2002-08-29
551.662.773-89,Gustavo Carvalho,1963-05-04
