191.817.161-51,Laura Mendes,1992-04-12,PLN002
282.726.252-42,Fernando Almeida,1987-09-21,PLN003
373.635.343-33,Sandra Costa,1960-03-07,PLN001
464.544.434-24,Ricardo Rocha,2000-01-25,PLN005
555.453.525-15,Tatiana Dias,1975-10-18,PLN004
646.362.616-96,Sérgio Barros,1998-07-30,PLN006
737.271.797-87,Débora Nunes,1981-12-02,PLN008
828.189.888-78,Marcelo Azevedo,1969-05-09,PLN007
919.998.979-69,Cristina Farias,1993-02-14,PLN010
098.897.060-50,Alexandre Pires,1973-08-22,PLN009
111.222.333-44,Eliane Teixeira,1984-06-01,PLN011
222.333.444-55,Rogério Moreira,1996-11-19,PLN013
333.444.555-66,Valéria Jorge,1963-07-27,PLN012
444.555.666-77,Diego Vasconcelos,2004-03-15,PLN015
555.666.777-88,Silvia Rezende,1971-09-03,PLN014
666.777.888-99,Daniel Dantas,1989-04-28,PLN017
777.888.999-00,Paula Guimarães,1982-01-10,PLN016
888.999.000-11,Eduardo Neves,1995-08-05,PLN019
999.000.111-22,Andreza Pinto,1967-02-20,PLN018
000.111.222-33,Leandro Silveira,1978-10-12,PLN020
123.123.123-12,Ester Tavares,1999-05-24,PLN021
234.234.234-23,Márcio Viana,1980-07-16,PLN023
345.345.345-34,Heloísa Mendes,1962-11-08,PLN022
456.456.456-45,Davi Almeida,2001-06-26,PLN025
567.567.567-56,Rebeca Costa,1974-12-31,PLN024
